iso_country,sum_di,domestic,international,domestic_ratio,sum_dn,day,night,day_ratio,jan,feb,mar,apr,may,jun,jul,aug,sep,oct,nov,dec,min_month_flights_origin,max_month_flights_origin,min_month_flights_destination,max_month_flights_destination,long,medium,short,long_ratio,short_ratio,latitude_deg,longitude_deg,elevation_m,STATION,LATITUDE,LONGITUDE,ELEVATION,airport_station_distance,AVG_TEMP,AVG_VISIB,AVG_WDSP,AVG_MAX,AVG_MIN,AVG_PRCP
AE,156031,27602,128429,14.689121003701278,262567,139797,122770,17.655885976057437,45401,36741,26785,6373,8960,12177,15765,17780,18958,22998,23504,27125,2740,21992,3233,25314,66631,46366,43034,3.197575016981845,16.138354455348438,568.9777498979261,1248.8283674394368,610.5144000000001,947776199977,565.3869050000001,1245.8247740000002,691.8300000000003,738.8160648385497,711.0692950264958,198.34067976391324,187.15889916043847,839.5956856329801,602.0993558302471,3.590019795163312
AL,36,0,36,0.0,41,32,9,1.554761904761905,0,0,0,0,0,0,41,0,0,0,0,0,0,9,0,32,0,2,34,0.0,1.888888888888888,83.30989855440001,39.3193001282,45.4152,27215199998,83.514742,39.2538943,81.4,23.41047612890137,32.6786581663631,24.049704918032802,9.534153005464471,46.2317850637523,20.435033394049732,2.69198360655738
AM,3558,82,3476,1.104802259887005,4379,2270,2109,1.652370030581039,1586,1391,962,164,157,119,0,0,0,0,0,0,0,772,0,818,13,3427,118,0.0036723163841809996,1.114971751412429,161.31390380858792,177.2848014831934,4633.5696,143969399996,161.3278833,176.99203980000001,4344.04,25.514714385489146,48.36776951217648,67.5818160035613,15.051657712265218,74.47964723229921,22.90188680207966,1.19173669467787
AR,12641,3308,9333,17.81803159502923,29178,18882,10296,23.74604458626831,7938,10768,4649,610,909,1102,943,1162,1093,0,2,2,0,5192,0,5649,4727,4466,3448,0.912257324088983,17.944580797983384,-1597.5611967731,-2878.7389507257,9555.784800000003,4112710699953,-1596.9157235999999,-2876.205102799999,8700.109999999999,1200.6383140304392,816.9488087870941,559.2806328148589,350.73435656912477,1129.0984955407023,519.5178438585654,86.31172871450136
AT,124898,29680,95218,36.87322349582433,147062,114501,32561,50.51396320570437,22405,23572,13584,2174,5438,8431,14084,16242,15503,11932,7010,6687,928,12764,1067,14146,3090,16064,105744,0.056685256926975,54.01338365997743,2621.2020932540413,797.7730764169874,26070.7632,614471799945,2620.845301699999,797.1000114999999,32619.389999999996,491.37656225111044,515.1238240346513,503.5279160301812,263.08089527114083,793.5289902981283,264.48384697003564,145.0008766503638
AU,810452,755488,54964,437.75746481492405,1091195,876041,215154,394.96576477771237,145045,140651,132437,54102,62309,71267,78340,67859,71526,78013,88608,101038,19428,81182,21256,89718,66113,91175,653164,10.154542475207828,423.78841765928104,-16546.652246230948,73005.78726450777,55368.13919999994,47905418399495,-16569.64559240002,73006.14939970007,134527.26,15551.986754646812,8190.637099697484,1380.8724084792798,3918.6564974708904,11053.472327760719,5068.6608290501545,1006.8782850983591
AW,0,0,0,0.0,0,0,0,0.0,0,0,0,0,0,0,0,0,0,0,0,0,0,0,0,0,0,0,0,0.0,0.0,12.5014,-70.015198,18.288,78982000411,12.5,-70.017,18.3,0.250005227345132,28.4160595021251,17.6440163934426,14.7508196721312,31.829386763812998,26.0680024286582,2.304043715847
AZ,119,2,117,0.25900900900900903,162,44,118,0.701904761904762,0,0,33,1,18,3,17,14,25,49,2,0,0,21,0,33,22,95,2,0.68018018018018,0.25900900900900903,121.4656982421875,149.804298400879,11.2776,113592299997,121.4025,150.14000099999998,9.120000000000001,58.24782585892456,47.2299635701275,28.7780901639345,31.2442622950821,59.815573770492,33.695355191256596,21.92681095890411
BA,265,0,265,0.0,289,213,76,3.819694107062529,36,40,29,5,6,20,25,46,17,26,19,20,0,15,5,51,0,42,223,0.0,4.656284606866003,353.7772771454602,142.7471568260393,2538.0696000000003,112783799992,353.9655935,142.49151270000002,2538.05,85.52965444214264,102.29767928430951,93.31321328700864,28.531089178409648,151.345305806842,51.580198538317184,9.93616011964139
BB,4856,34,4822,0.007001647446458,9275,7472,1803,0.805606469002695,1466,2347,2082,68,88,118,84,123,453,688,702,1056,10,981,46,1366,910,2101,1845,0.18739703459637602,0.37994233937397,13.0746,-59.4925,51.5112,78954000408,13.067,-59.483000000000004,52.1,1.33153065027536,27.5643594414086,12.2338005464481,13.683333333333302,30.560261080752696,25.0203400121433,1.9223181818181798
BD,7767,1246,6521,1.2561350938247509,9741,5379,4362,2.103604712502198,1224,1388,957,154,290,484,583,650,868,1140,1271,732,80,1156,70,567,554,5095,2118,0.136187367409032,1.493697089547299,70.80594580065912,269.94127817822255,22.5552,125781299997,70.805916,269.941303,22.54,0.007247041978507,80.6607714368101,11.38581314034208,8.72423615572058,94.95132185870861,68.6715535531259,12.17151925940439
BE,131558,14736,116822,32.71906877545942,162918,101984,60934,45.59420661625093,22004,21995,15919,4825,6959,9121,15109,16173,14512,13343,10967,11991,2001,13467,2420,14437,14312,29313,87933,1.065993982042856,47.10752834917642,2536.128716294834,232.0537624062964,7294.7784,323282199950,2535.896812,231.96683509999997,7308.450000000002,518.9923468552774,576.0507710064633,378.4480600494881,368.88072226269634,783.6276504516752,351.3591124480688,83.07999237252996
BG,4345,488,3857,7.078214670750856,5454,3748,1706,21.914478312725155,323,230,203,66,108,510,1592,327,288,607,623,577,16,817,11,1098,111,2383,1851,0.8313431950922869,15.413943951562308,1590.5184201702336,945.2231254924595,7894.6248000000005,573393699963,1590.5379069999997,944.4528042999999,16338.279999999995,892.9099238868462,444.0020417180685,506.88791125749503,258.59385475399955,655.4109438007979,244.85550552497003,40.92798086285476
BH,20381,1368,19013,1.143050543180097,36447,19344,17103,2.208870685715238,7061,6786,3599,1600,1585,1947,2054,2048,2156,2220,2525,2866,755,3304,808,3801,3728,5393,11260,0.43624205468494,2.14579731770938,78.2237324476318,151.7487413876953,58.216800000000006,123450299997,78.81250200000001,151.90082999999998,5.46,67.86890595797014,84.4298724954462,28.93513114754097,24.95081967213114,95.87932604735911,74.99316939890699,0.41759322033898205
BM,4977,20,4957,0.004018485031142999,5327,4270,1057,0.8015768725361371,766,811,552,98,123,176,375,457,404,560,501,504,48,401,50,410,436,1815,2726,0.087602973678923,0.547719509744826,32.3639984130859,-64.6787033081055,3.6576,78016013601,32.36667,-64.68333,5.5,0.526381654877684,22.5206435944141,10.0185109289617,11.148907103825099,24.9823922282939,19.9171220400729,3.49749438202247
BN,3784,124,3660,0.033040234479083,5325,2965,2360,1.4900739729700092,1641,1489,925,110,104,122,161,129,152,148,158,186,49,803,52,838,697,1404,1683,0.185718092192912,1.440181188382627,9.581200122829909,229.310005187809,24.384,192764199998,9.266214000000002,228.91515900000002,40.230000000000004,56.128510179686856,55.5660291438979,22.94953825136609,8.82677595628416,63.5701275045537,48.272920461445096,18.95830968532128
BO,3479,1900,1579,21.328882176588042,8838,6082,2756,21.477472534441393,1648,2053,1963,89,212,263,368,912,771,389,163,7,0,1182,0,1273,609,970,1900,0.4895792558956479,21.328882176588042,-550.2953661254352,-1983.144574048882,32154.875999999997,2642537099969,-550.8995692,-1983.1869907000003,35291.93999999999,1678.2981144340647,707.737981774364,424.0042238231699,230.2970982331358,892.2134265009685,507.9155273562916,93.4178451064814
BQ,0,0,0,0.0,0,0,0,0.0,0,0,0,0,0,0,0,0,0,0,0,0,0,0,0,0,0,0,0,0.0,0.0,12.130999999999998,-68.268501,6.096,78990000413,12.15,-68.283,7.0,2.63586968195868,28.2756527018822,10.484355191256801,12.494262295081999,31.173649058894895,26.196417729204697,1.93645141065831
BR,196901,167156,29745,444.7535599659279,413306,269454,143852,433.1914671837549,59678,66263,51256,8923,10983,14453,18929,22586,30620,39978,40593,49044,3321,35469,2981,43504,22881,15739,158281,8.085576809489178,428.16870083773233,-15366.775325865156,-37938.01816126599,385924.04400000046,65442884499237,-15362.860935900015,-37919.583982900054,381548.5699999999,28207.619469748337,17922.420084167694,2027.5068032770628,3140.5495076188995,22415.810021365945,14042.854124630981,154.20241623104565
BS,124,0,124,0.0,166,156,10,3.664433811802232,0,0,0,0,1,31,46,18,18,7,21,24,0,8,0,48,0,0,124,0.0,4.0,335.4409292410328,-1013.90647577,35.66160000000001,1101079399987,333.15392899999995,-1017.4423440000002,31.33,841.4904633721188,340.0123299557687,103.26784618554811,128.34369671258912,375.48025562874966,297.0174221970488,33.7006264540759
BY,16751,446,16305,3.444568067433922,22969,16004,6965,10.918245670085104,2968,3689,2759,497,683,1047,1837,2036,2206,1969,1617,1661,253,1884,236,1939,71,5680,11000,0.579954366700195,7.019310860622396,642.2114573225092,329.2271982521975,1609.9535999999998,337950999988,642.4460750000001,329.07822300000004,2189.19,134.66785845175872,106.708979505858,117.55492622202266,86.4664661200266,151.4079120434115,57.82553339206674,12.918736636715836
CA,578297,416810,161487,464.53743863130165,755644,548679,206965,428.3365301614818,106408,108024,97490,28329,31022,44268,59345,63678,59399,55868,50537,51276,10702,64135,11074,71092,31132,123487,423678,2.039179181246483,463.08429054638793,27090.033081761187,-51278.07546512911,208009.84560000003,41145374060266,27081.81227859997,-51288.527497700125,200198.42999999976,11270.842138926317,3524.9494575616177,3663.306538931186,3717.191007453767,6940.453129206597,478.821624338821,867.3599775802202
CH,229284,80678,148606,47.73025982047736,259557,214368,45189,53.36731278421083,35860,36705,23894,5308,11116,16289,27212,27766,24529,21136,15150,14592,2078,22187,2206,23117,12175,25909,191200,0.21405747488482998,57.06815136173278,2722.6151469867077,460.22352039765116,32563.917600000008,386646799942,2723.1135390999993,459.7712492000001,37238.31999999999,337.1989231629477,580.2392351239613,220.17243454623102,250.12670112703648,868.0307084272735,300.92049362893727,134.76725057794383
CL,212,208,4,20.56727167963123,697,664,33,29.12545045045045,0,0,0,0,0,0,1,0,0,0,0,696,0,292,0,405,1,3,208,0.076923076923077,20.56727167963123,-4185.341085240202,-8069.540541460359,21992.234399999998,9596208399888,-4183.386169199998,-8074.971651199999,18057.540000000005,5543.3894167423205,1467.6702657284268,819.5279597341308,568.7124006308413,2288.2727846811827,830.9680064226152,168.9715179783415
CM,7,0,7,0.0,8,8,0,1.0,0,0,0,0,0,0,2,3,1,2,0,0,0,2,0,2,7,0,0,1.0,0.0,5.70417022705078,9.30638980865478,125.8824,65264099999,4.976019,8.347197,64.0,133.539375989554,29.1296296296296,3.75666666666667,6.5333333333333306,32.537037037037,26.5,0.0
CN,54250,34696,19554,9.3281056439933,399955,245202,154753,8.007052037445096,36455,12289,19319,21673,30175,35977,38933,33191,37742,44640,44648,44913,4264,22933,7079,32447,7287,9441,37522,0.8491127938775741,8.07371276957764,575.1371112023427,2182.6883744622496,5898.184799999999,1065212999981,575.4088078999999,2183.0655067999996,3756.25,465.4741635938124,346.7338119952427,222.66593099782935,111.55008234149265,450.6184715256466,260.1239484825048,45.920084142097075
CO,32195,7764,24431,3.1053246194215753,105930,70918,35012,5.169767465613662,21929,21598,15174,1728,2027,2089,2199,2387,4982,7900,10763,13154,864,10026,689,12502,4053,18626,9516,0.287748951324108,3.232060454992888,67.13274,-587.8968,7996.732799999999,640844799992,68.462352,-588.041275,8113.120000000001,417.84085577607095,197.46881321637682,86.50644568795971,67.25872445542336,236.78444316660116,153.02424866223424,13.622255308398092
CR,13202,810,12392,15.499607985730236,16773,12195,4578,15.72557306731549,3801,3664,2752,278,445,510,395,483,510,751,1271,1913,176,1888,98,1944,1008,9705,2489,0.274304754994658,15.993359502582463,214.9491969855644,-1771.6097872387554,6024.0671999999995,1654052099979,211.44851700000004,-1771.9776780000004,17260.17,1081.232355072628,500.17076502732124,246.19935245901624,178.79426229508198,616.0478142076494,399.01092896174964,116.55075699994785
CV,352,4,348,0.087745098039216,445,187,258,1.6477611940298509,113,140,104,41,36,10,1,0,0,0,0,0,0,71,0,80,104,189,59,1.3171568627450982,0.31200980392156896,62.9582998718262,-92.54549985351561,156.05759999999998,34366799996,62.744586600000005,-92.8050076,264.97,39.56707831416819,101.20280947909211,52.44429782513951,50.0532517939168,114.2963402421623,87.55426328503411,1.3641937377690803
CW,0,0,0,0.0,0,0,0,0.0,0,0,0,0,0,0,0,0,0,0,0,0,0,0,0,0,0,0,0,0.0,0.0,12.1889,-68.959801,8.8392,78988000412,12.2,-68.967,9.1,1.4613725913766298,28.3245294474803,14.0984972677596,11.1087431693989,31.592744383728,25.966150576806303,1.8557267759562799
CY,13283,606,12677,0.08007324980677398,16643,11687,4956,1.9281386803602931,88,8,29,310,430,885,2426,3138,3117,3060,1670,1482,0,1845,8,1913,24,7959,5300,0.0032686855919609997,1.4464994822468749,104.74779891967779,99.6067008972168,138.0744,52816699997,104.743156,99.61058100000001,105.92,0.642014085857575,61.5912264723741,29.82766939890714,22.21666666666667,78.58014571948999,44.7351244687311,2.393984699453551
CZ,70189,28730,41459,80.20291582988116,79619,62384,17235,90.85354336347832,9601,9664,6616,3423,3851,4656,8055,9096,9091,6038,4784,4744,711,7277,713,8128,880,8980,60329,0.114006901170843,97.02251187538297,4934.756108275307,1511.3493269220885,35675.6208,1149866399901,4933.9035797999995,1515.4073287000008,43049.82999999998,1677.1546326353641,926.320122359091,2037.893558703443,631.8872646424367,1354.5468720557758,469.99936666457313,199.36475612254273
DE,1010487,500436,510051,430.1022116659725,1161306,855623,305683,421.63948541961344,147347,152307,108162,37349,59444,75179,110743,117937,118344,101369,71599,61526,13904,94333,14558,98212,63195,124470,822822,2.054397255718833,465.20537517903097,24062.671688905073,4763.920830012064,115179.34799999987,4912689199527,24050.02568940001,4772.2941053999875,114836.02999999997,14009.178659998695,5198.034521630091,4281.017781721708,3217.466870486017,7137.601759221046,3100.718716421904,160.66048920285527
DK,127637,43406,84231,48.7455629701587,146712,105524,41188,46.26970635688399,22122,22781,15614,3728,5009,7904,13111,14609,13683,12357,8343,7451,1388,12584,1466,13091,4632,10611,112394,0.100604522584294,55.47160180968145,3131.0863607804386,579.5405311187311,1049.4264000000003,349613799944,3130.4953559,578.2359528999999,1845.7399999999996,683.9447807386757,561.6209250500856,663.1445283553177,505.05543089220123,750.6863146519349,358.8127555287293,67.36446571545362
DO,10133,294,9839,4.724163545614619,12124,9987,2137,20.615693459302925,3601,4118,3184,70,0,0,0,0,957,194,0,0,0,2419,0,2666,2203,7185,745,4.287104821329807,7.594075633947886,432.25756525180424,-1600.9114394470655,1126.5408,1804919299977,432.04486220000007,-1601.6521788999999,1188.8200000000002,421.29792001702907,624.1136714008031,260.69888405891123,148.09301455919572,724.1243942097333,506.5792422970197,43.38698504667033
DZ,8164,806,7358,6.601029336623854,14027,11036,2991,11.394225505821755,4109,3379,2211,216,454,580,887,802,593,356,194,246,77,2278,83,1967,378,4219,3567,0.26427134266096197,9.923266001014461,505.7962054483852,30.988686971210626,2966.9232000000006,846098599986,505.4800714,30.6753997,2776.1299999999997,118.91423965009832,263.56436942340326,107.50417156645265,91.18374464796794,338.518889064565,183.83603098320805,9.584926795926709
EC,2993,20,2973,1.700974279125874,4044,2309,1735,5.468366963374387,1128,365,0,3,1,245,148,290,240,213,584,827,0,376,0,822,431,1814,748,0.4433693067495881,2.5435013012005,-10.554279830074323,-707.412881824707,18468.441600000002,757082899991,-10.441700100000002,-708.3407888,20168.739999999998,183.35149636215561,154.4860448287163,107.94726588378434,48.0344888473188,206.6328338396105,106.74772499817348,11.824009696768066
EE,15303,2510,12793,16.729175211341023,16630,11405,5225,18.836583638988085,2282,2322,1636,468,745,1150,1645,1536,1431,1265,1098,1052,163,1327,161,1388,23,3400,11880,0.0038209392791060002,20.14767656055123,1290.2665045682984,553.7092075694143,845.5152,575276399978,1289.5998615999997,553.2088321,983.28,240.6661197361455,179.23228570034792,431.2922213075569,158.07052021872616,257.45969963960533,102.65333435247963,6.14735519125683
EG,2320,188,2132,3.4066580754692932,3819,1909,1910,12.607748298632535,0,1,0,0,10,171,153,0,2294,1190,0,0,0,1055,0,1259,76,1765,479,0.278319282678391,5.566641968446379,575.2851306073568,597.9065368393182,1986.3816000000002,1140599999981,575.7252239,601.5220105999999,1969.4500000000005,639.5023762517066,424.40274784968915,161.28559005425035,145.46543001245476,524.6900737642092,333.03338274986663,6.780236202908833
EH,1235,956,279,0.7740890688259109,1280,1200,80,0.9375,25,34,59,17,110,124,55,145,421,208,27,55,7,206,10,215,0,0,1235,0.0,1.0,79.25124,-8.042783,63.0936,66293199998,79.251667,-8.035833700000001,67.09,0.48000195827031694,33.103825136612,31.731076502732236,20.23246862427186,43.8626290224651,23.98542805100182,2.29640983606557
EK,57,0,57,0.0,57,49,8,0.8596491228070171,1,2,3,2,7,10,12,11,3,4,1,1,0,6,0,6,0,0,57,0.0,1.0,55.025833,11.348611,0.0,6151099999,55.1666666,11.133333300000002,3.0,20.805010464063898,10.8134486945962,0.0,13.4713114754098,13.470248937462001,8.55585913782633,0.0
ES,403094,137784,265310,70.86632606461554,502984,369365,133619,85.42894998935574,66660,79119,52185,5674,6938,13469,57323,73972,50573,42098,26529,28444,2561,50956,2558,57224,17013,147691,238390,1.8239735577738942,80.20009308514489,4497.479708442568,-441.1996409634055,48548.84879999999,1465137812911,4499.169772299999,-443.05467089999996,49544.37000000001,2162.852859207868,1881.4492879015204,1367.6681108337443,684.7039547761996,2531.3075092069616,1254.8190382888847,180.01978317577823
FI,74712,30302,44410,61.46262871636476,90108,64949,25159,53.8585204452326,17243,15527,10933,2586,3746,4855,6091,7718,6148,5438,5143,4680,1039,8793,1045,9688,3222,18151,53339,0.151534258559522,64.31617271450557,4558.349954648211,1847.9837605392315,6533.997600000001,209018799927,4558.8961340000005,1849.0454197000001,6195.399999999999,868.7278727301102,460.5481016304218,1343.5039170448517,478.48281482540585,729.2290659642871,144.68511193013475,46.444825159806214
FR,531187,247370,283817,328.37933513017765,668800,501874,166926,369.52986974495667,90120,93392,61734,10089,19820,36272,68251,76106,70622,61202,36393,44799,4038,56227,4601,64468,33553,58264,439370,1.4422736549432347,402.7738870162149,19837.70513236528,1166.3453458946365,98296.78079999995,3143205806057,19837.220438500022,1174.6377952999992,87280.77999999996,8759.495723811804,5545.845518889368,5274.782698231201,2921.432733077807,7887.90098480287,3128.318028323341,811.717319604511
GB,824038,327752,496286,199.51661014738033,982887,743109,239778,208.98039337806517,141587,143038,112115,19549,31301,40846,78905,105210,103911,89844,53555,63026,8663,82574,9396,94036,83954,152984,587100,2.591789661384778,217.68615966815517,12345.455221536224,-389.2643959295533,14529.515199993775,1045504239932,12345.266326100002,-388.84253960000046,16008.800000000001,2485.7651158257013,2524.2658818355785,3106.2841997239643,2268.624999078869,3307.1318379685886,1665.229211736657,350.28586831422666
GD,46,0,46,0.0,70,59,11,1.712541620421754,8,21,13,0,0,0,0,0,1,13,8,6,0,2,0,20,1,2,43,0.03125,1.8660714285714293,24.480299949646003,-123.2590026855469,14.020800000000001,157916000818,24.0,-123.566,14.0,63.34329952057955,55.6259866423802,25.7142513661202,22.2426229508198,61.9414086217364,50.236794171220396,4.051508196721319
GE,682,0,682,0.0,838,443,395,1.567850933037609,257,439,117,9,3,8,4,1,0,0,0,0,0,134,0,305,1,599,82,0.006329113924051,0.518987341772152,334.35720025625153,350.97810174562886,2486.5584,299866299992,334.6869309,350.1489434,2579.9700000000003,85.80720297907766,119.75048875855322,223.20325440456747,76.71257356011557,162.4961050661735,83.85351443217648,2.4222736072925075
GG,4623,944,3679,0.423616938556236,4705,3981,724,1.6691449731081192,637,681,602,96,216,234,331,410,403,380,373,342,32,231,47,552,9,39,4575,0.002721499848806,1.9850278445923397,99.141105373291,-4.816689957351681,190.8048,7785699998,99.14106699999999,-4.8166910000000005,190.8,0.005837302933862,25.0523164411485,19.223601092896267,25.9054644808744,28.7120494563117,21.144421035690982,2.9592788732394397
GI,371,0,371,0.0,394,364,30,0.9238578680203041,11,16,8,1,8,27,86,95,46,43,33,20,0,32,1,74,4,315,52,0.01078167115903,0.140161725067385,36.1511993408,-5.3496599197400005,4.572,8495099999,36.151219,-5.349664,4.57,0.002216491787966,18.9632665452337,10.0000355191257,9.7344262295082,21.9445962355798,16.3142076502732,1.16742307692308
GM,999,0,999,0.0,1356,711,645,0.524336283185841,468,471,339,24,12,21,21,0,0,0,0,0,0,219,0,252,520,189,290,0.520520520520521,0.29029029029028997,13.338000297546401,-16.6522006988525,28.956,61701099999,13.337960999999998,-16.652206,28.95,0.004407175614949001,26.7545537340619,9.7607349726776,5.323224043715849,34.007893139040696,21.1771402550091,3.0166946778711496
GN,3,0,3,0.0,5,5,0,1.0,0,1,0,0,3,1,0,0,0,0,0,0,0,1,0,3,0,0,3,0.0,1.0,20.227890022887998,-28.145599853516,32.9184,123601199998,21.1602223,-29.0952943,41.94,146.58295166807335,57.064403292181,17.80279451797618,9.94919266269424,63.21702771954341,49.4505008152808,14.27652523388441
GR,71696,18718,52978,26.711504572295237,96425,70717,25708,33.758082414410026,10639,10254,8265,1957,2475,5639,15837,15065,10420,10290,3525,2059,428,10206,727,12510,475,41638,29583,0.043388900013575,28.199300891631587,1806.9684800768052,1173.7629927070532,4183.379999999999,802005299952,1807.1558456000002,1175.7743844999998,3999.4199999999987,386.33139259985614,885.1460196894163,463.60067869547805,358.1155573810162,1078.9336999438005,680.8501817177765,58.17636105821653
GT,6177,938,5239,3.146464646464646,9669,7703,1966,3.795825111641915,179,195,114,8,97,208,716,1006,1204,1850,1701,2391,0,1171,8,1234,127,4387,1663,0.020690778755294997,3.264581296839361,73.9610004501275,-452.45979313427887,5052.6696,393211499995,73.8206387,-452.80536429999995,5462.51,42.084628160101545,117.13554248781521,45.10696858444594,30.85151666515301,139.4903169221348,86.49872262869634,0.49585086155674407
GW,76,0,76,0.0,94,37,57,0.39361702127659604,5,31,34,3,12,7,2,0,0,0,0,0,0,17,0,18,2,18,56,0.026315789473683997,0.736842105263158,34.480055809020996,-46.6722793579101,59.13120000000001,185304299997,35.061516600000004,-46.6203476,79.31,96.63272560617654,86.81629379533,28.540472787993792,12.01691016983834,98.15464838687672,73.18767478343929,18.24938988002087
HE,14,0,14,0.0,30,20,10,0.666666666666667,0,0,0,0,0,3,0,0,16,9,1,1,0,1,0,15,0,14,0,0.0,0.0,30.049499511719,31.839700698853,248.7168,62366099999,30.121944,31.405556,116.43,42.5406260085496,22.7260170006072,8.35440437158472,8.60710382513661,28.1155130540376,17.8990588949605,0.398445054945055
HK,117612,10380,107232,1.012941708147487,161563,88276,73287,1.412653948700938,30360,18068,12322,10067,11833,10602,10107,10125,10843,11397,12954,12885,4875,14299,5084,16061,45841,39686,32085,0.40057078741350993,1.251402391057182,44.745500731445304,227.995002831055,23.7744,90042199998,44.7755856,227.89793629999997,43.53,10.522789794001026,48.6467694832076,10.0994508196721,15.5646344217134,54.5836318977154,43.4961261898669,7.86707731563022
HN,3,0,3,0.0,6,6,0,2.0,0,0,0,0,0,0,0,1,1,1,3,0,0,0,0,4,0,0,3,0.0,2.0,28.975784734497097,-176.2250382329102,1716.024,157437199998,28.8442163,-176.00053029999998,2083.01,28.219518188157718,47.2283067312937,17.25058088360501,10.66370288042975,57.7496320994515,36.163129161392604,9.414916488113459
HR,22499,4668,17831,10.95714490113918,27949,21327,6622,25.24301243973296,3123,3070,2405,370,937,2505,3879,3963,2747,2075,1613,1262,152,2521,168,2860,44,2536,19919,0.051942435984290006,27.99445820398861,1393.3308321998788,499.98751211925287,3604.8696,442649299969,1393.5704774,499.71394750000013,5808.210000000001,275.9474301575138,451.5084607245265,467.9641703047862,179.84247714156203,584.9957113425118,299.72318246929746,69.31160739416143
HT,5,0,5,0.0,5,5,0,2.0,0,0,0,0,0,0,0,0,3,2,0,0,0,0,0,4,0,0,5,0.0,2.0,39.6665994720459,-145.0433042949219,5.7912,156818199998,39.465978,-144.389478,6.08,71.94351625388785,56.4865079365078,18.12400000000002,17.55857142857142,58.57142857142839,52.6423357664236,0.0
HU,40263,2400,37863,34.716267428274236,45966,31801,14165,52.63983002782924,8258,8453,5830,1095,1296,2454,4480,4966,2892,2368,1871,2003,403,4456,482,4704,500,13442,26321,0.076495957036057,54.03687039330221,2733.3557506334205,1100.4865743542357,7224.9792,744507299942,2732.548117299999,1101.8149308000002,8982.160000000003,877.9388133864899,677.7563647182307,180.36320761812962,295.7669624872106,969.8069496789758,375.10853161064176,84.81832603652902
ID,5213,2360,2853,17.65783825246508,33421,27574,5847,23.41961305361649,3172,3189,4413,939,1969,3443,2165,2066,2217,2357,2786,4705,42,3630,132,4369,629,779,3805,1.497618266648384,19.879304853828224,-70.11836793435714,3628.0039681646963,6666.890399999999,3277659499965,-68.02135740000003,3627.7233942,1813.2199999999996,1506.147158299075,935.9461024706923,260.4774868058477,134.86267572742977,1098.3607841763587,807.5500560459577,198.5502181151564
IE,100618,14414,86204,27.326501974330533,112451,80271,32180,30.257848045170213,19206,18777,15956,3036,3322,3891,9006,10980,9491,7816,5308,5662,1310,10004,1369,10554,8684,23094,68840,0.8068829115414631,33.516289886420125,1914.3153187501105,-285.1415508940048,2175.9671999999996,142621599964,1914.8757684999998,-284.8454629000001,2458.34,940.8137147881552,364.0601539061113,662.3862527949871,372.66265578047955,474.059571990584,245.73028574755503,107.46358195539193
IL,31073,3198,27875,15.844592000062603,38235,25074,13161,18.543138180109,7338,5966,2207,593,1843,2013,2212,2021,3104,3816,3355,3767,502,4929,91,3388,4030,19014,8029,0.38592217574641596,16.534599441206225,856.5629698496413,944.7414450233304,4574.743199999998,1085256199973,857.5756326000001,945.8109386999997,3804.8100000000004,692.257424881605,575.5117134389724,175.87737412428203,128.9406604996877,711.6623204216866,442.3037366824647,8.04759797585519
IM,2821,126,2695,0.04466501240694799,2868,2274,594,0.792887029288703,638,644,437,19,45,167,147,149,160,159,147,156,10,320,9,324,5,53,2763,0.00177242112726,0.9794399149237859,54.0833015441895,-4.6238899230957005,15.8496,3204099999,54.083332999999996,-4.623889,16.76,0.0034982495903579996,10.790072859744999,10.293002732240401,12.8371584699454,13.088646023072199,8.05935033394049,2.54776111111111
IN,324167,242342,81825,53.395606952921646,620730,375278,245452,49.27496814804931,106380,105096,78243,3237,9066,28310,30714,32383,36214,55387,62385,73315,1515,54630,1615,57815,21172,167215,135780,0.631868940852288,39.84397112757294,1758.4485361018787,6239.593029641794,22121.469600000008,3371142399921,1759.0230298000008,6240.989733399996,22708.479999999996,1868.4635346220641,2026.879037774967,320.28915836726986,253.4216885615216,2473.0839733154608,1587.9046076653142,230.48041176289416
IQ,242,0,242,0.0,336,253,83,1.4204204204204212,0,0,0,0,0,0,18,117,157,44,0,0,0,66,0,91,3,28,211,0.012396694214876,0.871900826446281,60.5672443970545,95.5867180824055,3.3528,81239199998,60.6157356,95.3454753,28.53,23.848808118548593,53.543031813865106,24.13894558404559,12.623226495726492,69.1411285216841,38.2345204178538,0.196573913043478
IR,2089,1724,365,11.93957769108899,12559,8664,3895,14.146730490866734,968,878,487,213,498,1167,1010,1821,1389,1792,1421,915,45,868,93,1294,0,4,2085,0.0,13.99074074074074,562.5308974546618,1064.315803114107,7451.7504,816441999980,561.8513004,1063.6662551000002,7416.83,204.89141660424738,516.5976186549573,165.83474615919775,125.1802759594565,622.7033000175032,387.18680857965194,11.162204046075567
IS,14248,1096,13152,7.402085615281635,18641,13589,5052,7.904588736737764,2832,3349,2785,616,1052,1260,1605,1064,938,1105,921,1114,299,1696,305,1701,890,12230,1128,0.124324346730336,7.417544396287075,1222.1678671095926,-408.4488696328316,937.8696000000001,77487316183,1221.5380003,-408.3033914,1285.21,384.77046274339557,80.28057923322972,154.19022012005496,228.16276424594076,129.70180381656166,29.088308228684024,0.0
IT,412361,184946,227415,91.34862297225541,527480,376657,150823,100.42954714286469,79356,80135,31062,8480,12951,24242,52441,66253,57963,52392,33059,29146,3540,45741,3955,52192,9804,59285,343272,0.3761549914255331,115.30621840565126,5316.865316827507,1445.55072807413,15453.9696,1953239833991,5316.546053100003,1443.8655394999996,19684.220000000005,1255.9672682579699,1966.2341449568937,1020.4095481563169,642.374315838501,2513.4105013099165,1334.6887999958974,170.49765667798215
JE,5709,408,5301,0.07146610614818699,5919,5107,812,0.862814664639297,311,267,199,43,172,309,671,1050,988,841,537,531,21,519,22,531,22,97,5590,0.003853564547206,0.979155719040112,49.2079010009766,-2.1955099105835,84.4296,3895099999,49.207947,-2.1955080000000002,84.42,0.005116747903712,12.5728597449909,10.174672131147501,11.754371584699399,15.462052216150598,9.56724347298118,3.00271866295264
JO,173,6,167,1.0,345,167,178,2.151608054222887,101,20,1,0,1,8,0,0,64,65,62,23,0,4,0,138,9,99,65,0.056962025316456,2.508438818565401,160.2377021281842,181.53819671022973,3599.6879999999996,201337499995,160.18506200000002,181.38491599999998,3646.9100000000003,15.60712823796471,95.7142328710057,33.77939691920294,29.06779210865778,129.3749645915313,63.99021500544891,2.9930489975503622
JP,233069,173012,60057,58.24456980475881,495555,353664,141891,56.95131122542481,61503,55067,45674,23380,14401,23433,38365,48723,36524,41294,49439,57752,5071,36578,6094,44923,25083,25560,182426,4.21318164998653,59.88968673318321,2626.8755745789713,9976.26736126001,4384.852799999999,3481917160925,2626.3381492,9976.2051907,4739.81,264.02227529348534,1145.0464406234257,802.5175280182259,514.4752961389572,1392.545128869399,875.084948174618,90.04063545402236
KE,212,112,100,2.476439790575916,456,365,91,3.750684931506849,0,0,156,11,16,20,30,145,41,36,1,0,0,70,0,94,65,35,112,0.340314136125654,2.476439790575916,-15.29315523918152,158.3003269733887,555.0408,255232399996,-14.698972000000001,157.8568337,725.9200000000001,92.70661996296795,106.562591030804,73.6850000079829,30.466829646070003,121.9719182252184,92.5435675216808,10.36899570401762
KG,16,0,16,0.0,39,34,5,4.725,4,2,3,2,3,0,5,2,1,2,5,10,0,5,0,10,1,7,8,0.2,0.8999999999999999,217.4801853845,336.66625682729995,5057.5464,182906599995,218.2113059,335.81088930000004,5926.27,241.6701165398382,41.92924588435349,78.38812566600703,21.13600593114241,74.94106560618135,9.724886399730394,16.882353263777425
KH,9,0,9,0.0,14,8,6,1.155555555555556,0,0,0,0,0,1,0,1,11,0,0,1,0,0,0,11,0,5,4,0.0,0.8,23.579600334167502,210.277000427247,57.3024,97982199998,23.093111999999998,209.688278,24.38,83.88551040598365,58.3928354584092,18.92321857923502,10.1912568306011,67.7431693989072,49.73041894353379,0.067012765957446
KP,0,0,0,0.0,0,0,0,0.0,0,0,0,0,0,0,0,0,0,0,0,0,0,0,0,0,0,0,0,0.0,0.0,39.224098,125.66999799999999,35.6616,47058099999,39.224061,125.67015,35.66,0.013724527186620001,11.5535822707954,9.65604098360658,4.19263456090653,16.7049180327869,6.69899817850638,4.17494252873563
KR,94451,13210,81241,32.7895069485143,241041,159391,81650,38.485100574560185,39781,31507,13561,12523,14019,14680,16397,16874,15907,20787,22210,22795,3731,21226,6306,23016,46515,25201,22735,2.6372056825224597,34.41133559246734,1760.3797464435886,6114.406572845295,2435.6567999999993,2262152129630,1760.5325125000004,6114.844537399998,3154.08,391.93088090778656,632.4978688815112,671.3501489114566,195.53516331496868,862.7225797325117,394.84826017634606,178.39928428533298
KW,412,6,406,0.048032894122045006,691,253,438,2.509074263557542,0,2,1,1,0,1,120,110,284,152,19,1,0,93,0,193,25,133,254,0.131296140547612,3.0738895717869648,146.2509994506477,238.50839996341338,562.9656,202887099995,146.5233088,237.9063476,702.1,69.88595566523043,122.44201221316669,49.199808460748315,44.33142094186087,159.04595081305973,86.9065945288691,1.5773397805647138
KZ,10493,3020,7473,3.7378496859175643,28438,16926,11512,3.328903870891669,3905,3489,2692,1110,2338,2643,2019,929,727,1337,3603,3646,11,2146,19,2376,1375,6321,2797,0.35496858426158806,1.604777801522029,357.38790151367186,529.141387885498,2871.5208000000002,293934399992,357.4872492,529.3935495999999,2894.97,27.56387826907485,88.53882340544044,78.47627733369482,55.942139728130776,136.3021183017456,35.62417518453286,0.064566058394161
LA,0,0,0,0.0,8,6,2,0.75,2,2,3,1,0,0,0,0,0,0,0,0,0,0,0,3,0,0,0,0.0,0.0,17.9883003235,102.56300354,171.9072,48940099999,17.988322,102.56325600000001,171.9,0.026808696059467996,27.590467516697,6.535456284153,3.2975409836065603,32.7836976320583,22.0253491196114,4.6318985074626795
LB,8965,140,8825,0.015637216575450003,13069,7285,5784,1.290599862100666,3264,719,0,0,129,336,399,731,1503,1911,1913,2164,0,1580,0,1687,51,7104,1810,0.005696414609628,0.20216687143974102,136.5422237722168,143.16749605493158,1225.296,160408399996,136.5875976,143.088389,956.51,48.65024415586134,66.33747557673439,42.166551705384194,16.68014140315438,82.8622970243181,50.96154144977085,8.449425454545455
LC,1400,6,1394,0.008579150135127,1887,1662,225,1.760131312369334,323,523,485,2,2,0,1,3,15,132,155,246,0,262,0,261,191,636,573,0.334000345006037,0.9414639756195731,27.7534,-121.94550000000001,10.9728,157895000811,27.767000000000003,-121.95,12.2,2.733539620003544,56.713484501735806,30.422006556609404,22.35406566718038,61.8494543303286,49.8265118137613,7.887561620242071
LK,8829,190,8639,0.021534625410858002,12042,5734,6308,1.388374204610816,4798,4344,2714,169,0,0,0,0,0,0,5,12,0,2308,0,2491,866,6215,1748,0.09815255582001599,0.36467188031281894,28.51153993606136,320.47630310054774,210.9216,173806399996,28.941515600000002,320.10491559999997,139.23,67.54992137120837,114.4614114694994,66.2689087721845,15.892485129841868,128.639784859573,98.5420125623955,20.79067812756903
LT,20726,4094,16632,19.724133951379503,22466,15063,7403,28.131253350235806,1382,760,1016,516,870,1795,3082,3857,3480,2551,1653,1504,88,1853,109,2727,33,5894,14799,0.010209708446552,30.764175618521744,1936.5163392538122,831.44493670874,2869.6920000000005,931147299965,1936.0562780999999,830.3316794000002,3172.15,670.9009292969988,334.43491255690543,430.1642068914419,232.06715003097452,466.9973061385609,184.84567172269516,52.19160083525429
LU,32454,942,31512,1.0491288902125129,37937,25832,12105,2.618142777983007,5207,5193,3764,1158,1431,2132,3484,3460,3329,3265,2709,2805,563,2586,594,2678,8235,4681,19538,0.25400987045033896,2.601603948180136,149.37303176389997,18.08778435941,1122.8832,19656299997,149.288983,17.827201,1340.5,61.54285980816755,31.883731317214377,43.99285289318066,23.443725405853222,43.4611456279994,19.69090667132436,4.61957703927492
LV,31624,3116,28508,12.752954956273864,35256,24325,10931,12.411224938163123,6063,5725,3644,356,727,1739,3340,3799,3396,2701,1840,1926,134,3265,137,3428,105,7658,23861,0.007531429704306999,14.46197164100746,853.0456600303663,358.2441576573664,722.0712000000001,396246499985,852.2008331000001,358.1632769000001,759.65,199.25152650851592,110.1715145271074,190.19170596024998,55.53029821047484,156.51878083367183,56.461312088800064,1.5581060070671398
LY,11,0,11,0.0,31,18,13,0.580645161290323,0,0,0,0,0,5,5,20,1,0,0,0,0,8,0,12,0,10,1,0.0,0.09090909090909101,32.894100189209,13.2760000228882,10.9728,62011099999,32.15,13.0,728.0,86.6923435265419,15.8582375478927,9.47956896551724,8.764655172413791,19.2011494252873,10.4918582375479,2.84301754385965
MA,18104,1688,16416,7.136218228511152,27347,19476,7871,11.618521954361004,3737,3847,2064,253,399,758,1797,2360,2309,2876,2826,4121,125,2901,84,2747,1624,11742,4738,0.8278418187726,9.025609518868178,613.5875860979193,-102.29966534805862,5775.959999999999,1082939799982,614.1361348,-102.51485459999998,4716.0,182.56354141331664,333.7300734766996,168.06168906193528,113.90481004951671,441.0645314566171,226.10021264853117,14.925369847102328
MD,2,0,2,0.0,3,3,0,1.0,0,0,0,0,0,0,0,0,0,3,0,0,0,2,0,1,0,1,1,0.0,0.5,46.9277000427246,28.9309997558594,121.6152,33838799999,46.927744,28.930978000000003,121.61,0.005159485241939,12.7970552519733,9.44577322404374,6.79972677595629,18.1912568306011,7.002739726027401,0.0
ME,90,4,86,0.161585365853659,101,92,9,1.903225806451613,0,0,0,0,0,1,98,0,1,1,0,0,0,54,0,44,1,32,57,0.012195121951219998,1.259146341463415,84.7641032329102,37.9752009338379,49.0728,26919199998,84.7713306,37.973286,39.09,0.8270512001836711,32.2748937462053,22.0635983606557,7.85573770491804,43.3196721311475,19.96296296296297,7.20708410809193
MK,0,0,0,0.0,0,0,0,0.0,0,0,0,0,0,0,0,0,0,0,0,0,0,0,0,0,0,0,0,0.0,0.0,167.935214,86.55351700000001,1298.4479999999999,54350399996,167.8399106,86.492762,1633.08,42.84917510794993,51.762999292587196,46.43623056020975,18.175700693926068,75.83862673227921,28.294570722527126,5.31305266905771
ML,115,4,111,0.034782608695652,294,185,109,0.629251700680272,257,37,0,0,0,0,0,0,0,0,0,0,0,40,0,217,14,41,60,0.121739130434783,0.5217391304347829,25.6834996185303,-16.28294018310547,719.9376,122582199998,25.067088000000002,-15.899888,760.16,80.15022963154871,56.1284153005464,19.24961748633882,11.22786885245902,70.07862780813579,42.224043715847,6.068734463276839
MO,6663,508,6155,0.076241933063185,21802,13538,8264,0.6209522062196129,5703,1317,976,605,1224,2404,2533,2122,1543,1113,1062,1200,146,2621,325,3082,219,2091,4353,0.032868077442594,0.653309320126069,22.149599,113.592003,6.096,45011099999,22.149556,113.591558,6.09,0.04607893087750901,24.013357619915,9.64196448087432,9.33114754098361,26.5631451123255,20.9905889496053,4.6309890710382495
MQ,7,0,7,0.0,23,13,10,0.565217391304348,4,10,5,0,0,0,0,0,1,0,0,3,0,0,0,10,1,0,6,0.14285714285714302,0.857142857142857,14.5909996032715,-61.003200531005895,4.8768,78925000404,14.6,-61.0,7.0,1.05840006326954,25.692167577413503,11.064131147541001,8.52978142076504,30.8813689379987,20.802880658436198,2.21549466192171
MR,37,2,35,0.054054054054054,49,11,38,0.224489795918367,0,20,19,7,1,2,0,0,0,0,0,0,0,12,0,10,2,15,20,0.054054054054054,0.540540540540541,18.31,-15.969722199999998,2.7432,61442099999,18.097856,-15.947956,2.13,23.701149002540497,26.174012855831,6.316188732394361,10.6090909090909,32.9207223752678,21.0561677379859,0.102725761772853
MT,18731,1862,16869,0.09940739949815801,22331,16399,5932,0.734360306300658,3206,3366,2115,392,485,637,2040,3047,2372,2035,1407,1229,185,1562,207,1804,86,12545,6100,0.00459131920346,0.32566333885003496,35.857498,14.4775,91.44,16597099999,35.857496999999995,14.4775,91.44,0.000111195081381,19.4265330904675,10.135961748633902,8.6224043715847,23.396326654523396,15.8463873709775,0.5498681318681321
MX,24806,7944,16862,8.424002326451154,83090,54419,28671,15.86378223611815,6563,7460,4774,1292,1209,2969,4422,4792,7034,10826,10665,21084,448,10108,631,14167,2061,15736,7009,0.41054974162806196,13.701647265640318,797.2602149685007,-3321.2993240903397,24064.874399999997,2433003506544,797.6541381999998,-3318.5911212999995,24737.390000000007,830.5209989444403,726.8892975797999,424.7913135583905,195.89601584704764,916.7912051357513,509.98206102139864,11.558799678437946
MY,82553,39782,42771,27.041867848054526,183051,126313,56738,32.13441964393167,46200,41987,23382,3221,4363,5453,10086,11307,13109,7612,5847,10484,1572,22353,1620,24186,11011,40973,30569,0.5684308922498129,29.281146350369923,177.67369033687874,4503.252018815884,2902.3056,2855414199958,178.59485829999997,4497.224229699999,4886.829999999999,1510.5123470853616,1142.9337898762521,397.72417782458706,150.20137766993736,1318.083331032395,995.3395255952529,258.03188430546925
MZ,0,0,0,0.0,0,0,0,0.0,0,0,0,0,0,0,0,0,0,0,0,0,0,0,0,0,0,0,0,0.0,0.0,-19.796400070190398,34.907600402831996,10.0584,67297099999,-19.796419,34.907556,10.05,0.005100205202168,24.9279778393352,11.7069361111111,8.32277777777779,28.855032317636198,20.9876885195445,4.11248433048433
NA_,0,0,0,0.0,0,0,0,0.0,0,0,0,0,0,0,0,0,0,0,0,0,0,0,0,0,0,0,0,0.0,0.0,-28.5847,16.446699,4.2672,68403099999,-28.575001,16.533333,29.87,8.527941658710072,16.9031791907514,0.0,8.37023121387283,24.030507385998696,12.4698137443802,0.07414450867052
NI,827,52,775,7.161386449184442,1301,1035,266,8.591962174940898,0,0,0,0,0,0,0,0,180,291,357,473,0,226,0,251,2,636,189,0.126254705144291,7.580771643663739,110.79080104827878,-773.7542648315429,2155.5456,708629899991,110.3078153,-772.404534,2470.3900000000003,202.5153352905945,242.6641087119383,84.45736603388589,48.85974319089278,276.0689190296718,203.5676331666129,0.0
NL,221726,36204,185522,22.067838440856576,269795,211671,58124,25.084726511922963,34843,34974,27299,6714,10607,14049,23263,29249,27900,23736,18606,18555,2886,20411,3192,19537,35351,37456,148919,0.572307380503186,26.23006083662879,1462.5495066768324,155.60082526215373,466.34400000000005,176438799972,1462.9248899000002,155.55758210000002,492.71000000000004,226.46306965251213,322.98261804359913,315.95755755670336,248.63908029652808,434.75392868727727,198.07277906696277,58.027228390728084
NO,154312,101796,52516,43.89085215533641,230456,175369,55087,40.39089916842824,25579,26428,21039,8517,10696,13493,19547,22771,24570,21715,18909,17192,3513,17150,3782,17423,2340,8831,143141,0.061278699682658005,47.32028955152323,3598.511712142024,599.6657329524347,9988.295999999998,76264499942,3598.843291899999,599.6711728,10352.919999999998,393.59410996085774,403.5306440700968,285.12771065807704,406.9103029359821,603.6738832453093,187.75181204114182,94.60132854195788
NP,1893,174,1719,4.012566411096618,2880,1610,1270,7.365436394809727,1111,766,590,1,2,0,0,0,0,107,175,128,0,613,0,653,32,1293,568,0.075048515890943,4.2256545668564875,307.79190431542975,921.5341589951171,10460.1264,488794099989,308.05445100000003,920.3172407,9095.619999999999,404.67626621408243,215.98059770864973,89.0097353439098,32.93233299934127,279.59741522323344,145.6781087731667,41.785264581777
NZ,215242,194384,20858,98.18494445663767,295143,244667,50476,89.20678682761685,31184,36781,30963,3502,10343,18559,25859,18889,23416,31919,29544,34184,1240,20567,1186,25060,7633,13225,194384,0.218043060524208,98.18494445663767,-4301.445800526019,18591.54098476908,15689.275199999995,9994961699893,-4301.980463300001,18590.0344368,13365.899999999998,3587.4370429751966,1403.612969455289,1270.4015829487607,876.8385156851215,1905.072841512445,879.7371070843523,260.34698182564284
OM,9,0,9,0.0,218,206,12,2.380392156862745,26,27,23,8,13,8,10,12,8,23,20,40,0,12,8,32,0,0,9,0.0,3.0,98.3914503927002,226.93513352587888,346.86240000000004,164986399996,98.50994450000002,226.96777729999997,319.63,15.34959878361265,116.0889965316112,23.623450819672158,23.37171625711943,134.22838303880752,98.7431388532002,1.576456057515176
PA,4921,1194,3727,7.568121952193225,6245,4931,1314,10.232150859384456,0,0,0,0,0,0,0,0,0,341,2311,3593,0,1325,0,2285,469,2271,2181,0.214916671461985,8.28346744186453,95.53545939636281,-876.1521076498934,320.3448000000001,865915799989,96.66945580000001,-876.7671452,3633.2799999999997,435.82763117225204,303.69076097955906,106.66755874316935,60.14986048133936,340.74197881368826,267.9617486338808,0.0
PE,16396,5536,10860,12.448739809104005,47488,32921,14567,15.73332368107131,9141,13532,5838,767,776,795,1355,1632,1518,2231,4721,5182,348,6734,361,7565,3099,7761,5536,0.6998739365782319,12.448739809104005,-269.12436676231493,-2378.9307707176113,26650.797599999998,2619975099969,-264.06999600000006,-2378.0080229999994,25198.24,1775.2454031358666,718.4095186790145,289.6936968597578,182.22482342339808,831.8931564209121,574.7194950430522,47.99579846482404
PF,3889,2650,1239,13.167521835064816,9697,7955,1742,13.429403261929176,1579,1543,1130,133,108,102,39,850,1078,1297,1193,645,18,788,20,915,1090,149,2650,0.775081824032362,13.167521835064816,-223.49559870550544,-2074.252286685546,48.76800000000001,1287150399986,-222.0187497,-2066.7695131,34.599999999999994,2284.010365269672,384.72439114888994,120.632693346191,109.22222901884028,421.6237333873039,352.7084902953755,30.2280819672131
PH,37206,3896,33310,11.956860080526557,103747,65933,37814,15.40914638246271,22508,23470,13040,1813,2493,4310,5180,4801,5542,5996,6542,8052,756,11508,868,12249,8621,14328,14257,0.8626778127453341,12.90630809649528,307.4495834702357,2416.335271075532,2210.1047999999996,1967265882444,307.25763750000004,2417.0519702,3554.7699999999995,437.3156517809682,539.9949019180575,260.32339788490196,97.46933071207718,623.8385458272754,464.50404900199976,119.65669564941659
PK,1829,14,1815,1.237767528404251,2976,2002,974,8.73253178257188,491,688,278,3,0,0,3,207,281,381,329,315,0,334,0,367,3,1812,14,0.073170731707317,1.237767528404251,562.7267588754755,1351.840293377479,3614.6232,791970899981,562.5622878999998,1352.6561747,5069.5,533.4600072118559,477.56133221830385,67.36214801480551,61.912687292898454,581.3860584697059,379.268917631179,40.97200209112828
PL,167377,59468,107909,77.56460103173713,196567,142143,54424,89.41181720931145,26279,26546,15847,3838,5712,8605,20981,25397,23072,18237,11489,10564,1141,16134,1336,17837,2457,35556,129364,0.211138977204178,96.93128826598969,5412.433810133548,2005.6425821380897,15720.9744,1285195699896,5413.313859899999,2006.9458190000003,17578.28,1575.474358392701,1031.9237571238027,1653.6871187777974,684.6241132519052,1503.6475836012542,546.0599210351155,154.5659766768674
PM,35,0,35,0.0,41,40,1,0.975609756097561,7,18,13,3,0,0,0,0,0,0,0,0,0,8,0,10,0,0,35,0.0,1.0,93.8584022521523,-112.55339813232229,11.2776,143610199998,93.525328,-112.35106200000001,16.44,40.33056698103061,12.678809957498482,40.6071912568306,27.112568306011,18.93472981177898,7.70248937462054,6.69977049180328
PR,41076,5744,35332,9.579359016346457,49557,32953,16604,10.531141556961455,5759,5679,5754,1104,25,2992,4514,3923,3867,4335,5371,6234,9,4310,7,6454,341,34346,6389,0.17546682744806902,10.536167828958792,309.90559217071507,-1128.4547225829579,1017.4224,1568402858590,309.3057366,-1128.1912699,226.2,230.91316396770395,461.88001171528595,92.8568293355419,85.41437424860999,511.349634190689,412.8316891896429,12.02472470322217
PT,147802,37878,109924,26.302257366142822,165954,126937,39017,30.877846969911186,23162,24781,16412,1496,2681,5113,14236,20877,18185,16486,11092,11433,674,15784,706,17274,6308,87577,53917,0.456689545882518,27.544080521218646,1412.6221274029308,-353.43651582895467,5601.004799999999,307121899964,1412.2244447,-356.2180247,6142.399999999999,623.0321359790767,600.4061241055679,324.9315232332858,239.90742183393223,745.2339378763813,453.70094108114273,57.914735079877204
PY,0,0,0,0.0,0,0,0,0.0,0,0,0,0,0,0,0,0,0,0,0,0,0,0,0,0,0,0,0,0.0,0.0,-75.5546743814697,-167.6747945258789,410.2608,258631599997,-75.7499999,-168.3996666,572.0,83.34430097479898,69.8380860772016,50.328887864298906,9.82115831721141,91.59946980346349,51.35310310735001,9.48411632196651
QA,100101,23500,76601,2.477871343943463,150083,79668,70415,3.132789181621822,20059,19510,15213,6634,7102,8017,10546,9817,12047,13432,13851,13855,2860,10518,2900,11354,49896,25853,24352,0.964026039049068,2.5404830012258173,101.2810580336,205.9948556267,57.302400000000006,164681199996,100.90623360000001,206.045101,64.89999999999999,42.474532505528316,114.0562246841496,38.65316418145076,31.238910846620257,135.3451676356346,95.28203084063192,1.250292760789959
RO,33715,4360,29355,13.28422335906087,44122,28944,15178,18.401161137862783,2675,2981,5414,957,1043,2312,5100,6347,5246,5121,3689,3237,441,3592,495,4019,237,18171,15307,0.08082261713530099,18.54822673802012,1094.855431476514,600.5739208403317,3535.68,365802399976,1095.1628721,599.9911193,4724.299999999999,76.9471633758202,294.64382353278137,223.3096601592807,142.81652617607,430.18844877790065,155.87633543730104,29.51584935486831
RS,15451,376,15075,5.363934260682236,19498,14220,5278,11.295503711246743,1952,2418,1916,200,527,1395,2250,1860,1719,2239,1553,1469,93,1342,99,1544,196,5400,9855,0.055077687587442,11.706698790237336,713.7683205367001,330.08533279739993,1843.7352,212313599984,713.7399504,329.98776169999996,2067.27,156.16142339248066,202.59395871281117,227.35829155013,76.0841889590979,295.1763812993319,115.11596842744389,25.474950819672138
RU,230852,137662,93190,55.96530092082502,550612,337016,213596,48.50107858956479,67858,63036,60061,12087,14867,29424,46575,58345,58781,51379,42389,45810,5007,38293,4718,43868,9820,98210,122822,1.8023051678292583,39.743772196482624,5370.079133006771,4880.932964160829,13253.923199999996,2779478599903,5367.0668014,4875.650841099999,15071.429999999997,1856.2172001906004,437.22245771265807,1283.8671192492552,631.7194907631832,818.5554030657106,4.416968774014163,101.6298602575079
SA,34659,16418,18241,16.569882313573697,78265,47067,31198,17.387072752902426,14912,14945,10113,2552,2561,6290,5839,4515,4744,4574,3485,3735,480,8538,614,9423,3153,5559,25947,1.1698356357474728,19.884086295044565,639.0004530835432,1220.7701354389033,5907.9384,1012752799975,645.6520148999998,1218.1725278999997,6547.599999999999,1612.4996263650016,684.2865792352308,202.82759459630174,181.19543793443927,845.5542718704069,523.7657933921853,2.4724997772897765
SE,138681,63348,75333,94.22207908417616,169407,123701,45706,94.16493570962064,25998,27741,21402,6290,6857,9423,11694,14116,13159,13030,10614,9083,1845,15923,2086,16574,2900,20699,115082,0.150381951840737,112.19846315825342,7374.8044892591215,1899.94336343582,8599.627199999995,308780899876,7374.215078600003,1901.0746505000004,13824.459999999995,1913.5471915773678,989.409764600379,2598.4868588854574,862.4588541143671,1477.889888306732,438.6095889774293,143.22184258328596
SG,74739,2824,71915,1.167644470071864,116849,66931,49918,3.9164194764612406,29777,25884,12744,3430,3667,4732,5115,5542,5694,6013,6675,7576,1653,14352,920,20121,29164,32252,13323,1.7777166261096529,2.50539147441369,8.28421993679049,623.3030087379681,85.6488,292187599994,8.311645,623.501355,66.12,25.979634989719482,168.81086824529427,58.57232786885248,29.640983606557377,189.4811778992101,152.62204007285948,10.166939890710381
SI,11721,4798,6923,12.34406557335673,13928,11347,2581,14.931378754340017,1362,1421,1023,483,795,1451,1578,1699,1688,1085,771,572,182,1050,199,1202,24,374,11323,0.029037751464222,15.880829990791256,738.3768964536296,237.2499619940648,4001.4144000000006,225807099984,738.740065,236.858378,5276.64,127.69724060281165,178.2161894602887,320.83295229807624,59.289526672552725,267.6712001192577,90.65157395731167,41.22603353283344
SK,13052,5216,7836,17.968841862722257,15377,11398,3979,26.17908612905049,1541,1827,1056,907,938,1015,1343,2005,1696,1228,945,876,250,1176,271,1358,29,2106,10917,0.044345840543095996,27.835645805723015,1412.83415092604,553.0628133020491,7949.183999999999,344423299971,1412.6525086,553.9802505000001,10997.32,363.56749098649186,278.259028999825,514.8234237288139,188.44915340794984,417.8179212272127,135.70073036208376,50.05135295644313
SN,4209,890,3319,5.258586989953752,6649,3861,2788,7.358832722761847,1878,1776,1228,310,368,538,551,0,0,0,0,0,0,882,0,1062,1476,1423,1310,0.49418219675657493,5.487111403794337,111.19363145416258,-128.7290313148803,222.80880000000005,493338799992,111.2630253,-129.1426157,160.23,48.87847957275656,222.2115968427443,76.38878142076516,47.52513661202186,271.3832726168789,180.9558287795991,25.929519279695672
SR,0,0,0,0.0,0,0,0,0.0,0,0,0,0,0,0,0,0,0,0,0,0,0,0,0,0,0,0,0,0.0,0.0,5.8110800000000005,-55.190701000000004,3.048,81200099999,5.811083,-55.190743999999995,10.0,0.004768500045089,28.3330185709789,11.2946288951841,5.351558073654389,31.702234812716398,24.446333018571,3.7695909090909
SY,15,0,15,0.0,35,10,25,1.804347826086957,1,0,0,1,3,1,2,2,7,7,7,4,0,4,0,11,0,13,2,0.0,1.0,308.7444982910156,330.12510669555667,4953.304800000001,360690899991,308.5815516,328.8521433,4330.200000000001,343.07255640175964,174.86222398192842,103.99594134406595,63.42515348993278,238.0705997771313,113.73440130445871,5.826957438308008
TC,1641,992,649,5.869470924264739,2197,2106,91,6.8197222343261945,0,0,0,0,0,174,523,184,690,626,0,0,0,317,0,428,38,215,1388,0.032646048109966,6.560937653411879,151.6549159807162,-502.40831654300007,19.812,549323099993,151.44449999999998,-502.513544,48.28,200.52536683160943,194.7454169933678,69.32112169214959,56.93164877977074,205.10038936854508,180.056543084476,0.0
TH,47749,2290,45459,8.933506650900789,149589,92315,57274,10.445684549574281,46076,42801,29329,3592,2324,2060,3960,6975,6033,310,2373,3756,0,21700,115,25755,14065,27951,5733,1.107584224812022,9.25383540831604,212.03818635232838,1517.756847564387,550.164,726526999985,211.64381580000003,1517.6019872,684.72,111.52522673287632,429.6105039465697,137.5437076502734,50.6346994535519,503.6693989071035,363.49681238615676,53.77759037091893
TN,832,4,828,0.478635463965537,970,624,346,3.432799930045471,0,148,58,10,22,40,149,204,82,127,130,0,0,60,0,148,6,502,324,0.007334963325183,1.401880312027011,251.244628064209,72.62166611041269,80.772,425134999993,251.3818863,72.90037530000001,59.92,30.108349036169685,139.5945658773527,67.34932906561907,54.41120218579236,174.5500910746813,106.5343047965998,6.35732823563694
TR,158327,52738,105589,27.06257020607115,322963,205222,117741,30.931061088339867,40793,36230,24197,3608,4547,12734,25543,41164,43034,38671,31154,21288,1105,22629,1499,36268,7131,84834,66362,0.392497033785116,28.345290600255947,1835.4908941824908,1452.2463551917472,18133.466400000005,807012833262,1835.4496446999997,1452.4656461,18113.32,144.72366017586097,763.09971923928,524.9930820747903,281.70009847400286,1016.1002896113388,472.6185055533188,51.396223010506205
TT,18,12,6,1.416666666666666,27,23,4,1.69047619047619,2,1,0,0,0,0,0,0,2,20,2,0,0,12,0,8,0,2,16,0.0,1.833333333333333,21.7451000213623,-122.16939926147461,29.2608,157931312044,21.733330000000002,-122.18299999999999,24.4,2.032222814415842,54.4738203957381,24.4658246575343,12.14712328767124,63.7703196347031,47.4117199391172,7.248100105374081
TW,113728,35790,77938,16.32420775220636,199809,135716,64093,17.425306024952665,31267,23234,14041,10417,11716,13029,17099,16744,13742,16242,15350,16928,4514,16892,4677,19258,24185,29896,59647,0.924724294671543,17.890514674063176,523.7577351527531,2650.7600189402174,1007.6688000000001,1165669499978,522.7149975999998,2649.2617066,845.1100000000001,633.1496879316552,538.5733679704632,279.49638274551114,146.9651940391996,622.6942436065913,473.7489590256949,23.74847214400594
UA,40794,3486,37308,7.567315308350281,59382,39592,19790,14.108529792472522,6794,6653,4271,491,1049,1410,4691,6670,6998,8780,5755,5820,213,5030,236,6181,417,18883,21494,0.11040359479889902,13.877188689226855,1074.2459848400879,670.224801191162,3788.664,739811899978,1073.4650066,671.1891203999999,4159.3099999999995,403.0268181203226,243.65725561627215,216.05767843631807,143.1671396694143,349.8641343015986,131.82536034799674,29.80718661612925
US,18759147,18296284,462863,9920.887403098724,21639571,17170917,4468654,8408.360850266914,2167620,2227977,1964315,988545,1275982,1599309,1908104,1990867,1860176,1968099,1851157,1837420,378518,1446455,387353,1645502,298191,3694232,14766724,17.027481628918608,9518.031254531026,422547.9612484396,-1026455.7245944123,3589412.582399992,820884342358534,422529.4252001962,-1026427.0089802046,3468689.430000041,232268.90887324346,154274.40047087334,152631.681748103,65221.20918439856,227566.0970041335,91662.9915346287,20179.140875036264
UY,91,0,91,0.0,96,82,14,8.379193722943722,23,21,8,0,0,2,4,10,1,0,1,26,0,28,0,38,18,8,65,2.15,7.0,-647.8640929818167,-1066.214389499517,1190.2440000000001,1643032899981,-650.5719993000002,-1066.6570913,891.87,482.64557510984093,342.77134393907687,228.095978320768,162.74431897601758,419.62062583825474,247.7248114224397,29.132887522697185
UZ,490,0,490,0.0,895,575,320,1.620381984036488,96,64,49,1,18,25,4,24,128,172,143,171,1,149,0,57,73,386,31,0.64639175257732,1.30979381443299,124.0873985290156,208.2480010985945,1611.4776,115371299997,123.773583,207.84355800000003,1295.6999999999998,48.884213703122626,46.476320582877904,24.58945081967217,15.840163934426222,63.983606557376994,27.44581056466299,3.35902040816325
VC,1830,24,1806,0.045830976658007,2564,2097,467,5.127292106980386,411,679,555,7,2,4,0,3,36,182,254,431,0,321,0,377,92,350,1388,0.43097064961665,3.3963415128678824,77.4764306613263,-367.55738905005114,76.80960000000002,473708002442,79.0,-367.366,54.4,501.8978238963096,168.22161505768062,83.4095938318738,80.14207650273221,186.32877959927117,150.5938069216756,18.536448087431722
VE,156,150,6,22.929411764705883,484,441,43,25.390374331550802,53,94,70,26,9,31,32,13,31,31,47,47,1,42,5,83,0,5,151,0.0,22.941176470588236,508.8494056078729,-3587.0248343325393,12519.66,4417863736500,539.3725021000001,-3588.166970299997,10439.220000000003,8293.395049209963,1433.444381651317,313.96223971625676,363.29945739567654,1688.7402219501478,1220.0155261069128,32.22772591511339
VN,10449,3502,6947,8.108830250052218,55922,36309,19613,7.497521041308933,2114,1675,1016,101,954,4682,8779,2684,5472,7521,10072,10852,0,5912,0,6912,1377,4318,4754,0.155698778833107,8.533492625017486,143.62161515745672,1175.1513859987028,3173.2728,537688599989,143.5591522,1174.2438734000002,1133.56,310.20805803723687,296.35434593095783,164.6658099520925,49.51518860151421,341.07100524671836,259.3998597280655,48.37648857236459
XK,0,0,0,0.0,0,0,0,0.0,0,0,0,0,0,0,0,0,0,0,0,0,0,0,0,0,0,0,0,0.0,0.0,42.5728,21.035801,545.2872,13481199999,42.57,21.03,559.0,0.5679716395362719,11.3570127504554,8.9258224043716,5.10191256830601,17.275956284153,5.527322404371589,0.0
ZA,43819,31088,12731,37.2152053594634,57846,43563,14283,37.55893402606778,8536,9955,8052,642,911,1656,2267,2801,3856,5192,5597,8381,242,6979,182,7027,12720,77,31022,6.782230228028006,34.846655146268674,-2507.8228888550543,2387.8807673657275,99490.3776,6157664499910,-2507.845730900002,2388.6108089,97540.08000000002,1914.1446466512534,1563.8454363391618,407.2142129930832,450.0745837666063,2300.687658959745,979.6727713195918,96.30397239729879
